model_name,mean_ssim,mean_ssim,mean_mse,mean_mse,mean_mae,mean_mae,mean_psnr,mean_psnr,sample_avg_ssim,sample_avg_ssim,sample_avg_psnr,sample_avg_psnr,sample_avg_mse,sample_avg_mse,sample_avg_mae,sample_avg_mae,ause,ause,spearman_corr,spearman_corr
,mean,std,mean,std,mean,std,mean,std,mean,std,mean,std,mean,std,mean,std,mean,std,mean,std
BBB pi=0.25 mu=0.0 sigma1=1e-1 sigma2=1e-3 beta=1e-2 (10),0.9477718472480774,0.01098372148548736,0.0003717140401325499,0.00010397519144615188,0.012083173108597597,0.001539925819883726,34.443145751953125,1.2377907313001226,0.9470207214355469,0.011018536084155638,34.35702082316081,1.2247857640309299,0.000378901137446519,0.0001049638713930428,0.012193096770594518,0.0015414943653942622,0.19654176802411186,0.028633339008566256,0.6187044680118561,0.032857332727267353
BBB pi=0.75 mu=0.0 sigma1=1e-1 sigma2=1e-3 beta=1e-1 (10),0.9445487459500631,0.011021243313904595,0.0003819539366910855,0.00010867014450538036,0.0122686632287999,0.001534258421443747,34.32789293924967,1.2442348302504689,0.943665744860967,0.011060606824328512,34.236231613159184,1.2297636783719375,0.00038980537501629445,0.00010976115487134486,0.012392310736080011,0.0015342661878924837,0.1976968953741789,0.02276192969372245,0.6031535168488821,0.042065147334699286
BBB pi=0.75 mu=0.0 sigma1=1e-1 sigma2=1e-3 beta=1e-2 (10),0.9480907618999481,0.011149234779147596,0.00037956937740091234,0.00010545521639272805,0.012169658672064543,0.0015005361935708729,34.348611195882164,1.2174976783091196,0.9473464280366898,0.011177879652874211,34.26943422953288,1.2057012125904818,0.0003863197489408776,0.00010641589573966043,0.012273545283824206,0.0014999190633573302,0.1958989309338995,0.022891265768512973,0.6099871893723806,0.02249460368916459
