model_name,mean_ssim,mean_ssim,mean_mse,mean_mse,mean_mae,mean_mae,mean_psnr,mean_psnr,sample_avg_ssim,sample_avg_ssim,sample_avg_psnr,sample_avg_psnr,sample_avg_mse,sample_avg_mse,sample_avg_mae,sample_avg_mae,ause,ause,spearman_corr,spearman_corr
,mean,std,mean,std,mean,std,mean,std,mean,std,mean,std,mean,std,mean,std,mean,std,mean,std
"MC Dropoout 30%, 10 epochs (10)",0.9486534198125204,0.011402613978470573,0.00038720484493145096,0.0001104759857682037,0.012277561239898205,0.001556201470816872,34.26951599121094,1.2480285535730185,0.9479553788900376,0.011440309159952373,34.19103323618571,1.2366276909944809,0.0003940315815270878,0.0001115406868224006,0.012374023503313463,0.001556680730918611,0.18436978830280723,0.025950970716951738,0.6158328851064047,0.03419532168880792
