model_name,scan_name,mean_ssim,mean_mse,mean_mae,mean_psnr,sample_avg_ssim,sample_avg_psnr,sample_avg_mse,sample_avg_mae,ause,spearman_corr
"MC Dropoout 30%, 10 epochs (10)",p02_01,0.9349716305732727,0.0005107063334435225,0.013796699233353138,32.91828536987305,0.9342997133731842,32.85854034423828,0.0005177807586733251,0.013882758095860481,0.1766902507766476,0.6521178483963013
"MC Dropoout 30%, 10 epochs (10)",p02_02,0.9501140713691711,0.0004174474161118269,0.012443981133401394,33.79397964477539,0.949484932422638,33.72519149780273,0.0004241122253006324,0.012533557135611773,0.16733959830813624,0.6447327733039856
"MC Dropoout 30%, 10 epochs (10)",p16_01,0.9559358358383179,0.000298211321933195,0.011118872091174126,35.254756927490234,0.9552686512470245,35.17199287414551,0.00030394884815905244,0.011209819745272399,0.19923438447745193,0.5865818858146667
"MC Dropoout 30%, 10 epochs (10)",p16_02,0.962598979473114,0.000265245558694005,0.010099380277097225,35.763519287109375,0.9619135856628418,35.66089553833008,0.0002715879090828821,0.01020068833604455,0.16058333058213917,0.6139010787010193
"MC Dropoout 30%, 10 epochs (10)",p22_01,0.9348575472831726,0.0005168714560568333,0.014180921018123627,32.866172790527344,0.9340164721012115,32.78820991516113,0.0005262339545879513,0.014290914591401815,0.1723241201569373,0.6324278116226196
"MC Dropoout 30%, 10 epochs (10)",p22_02,0.9534424543380737,0.00031474698334932327,0.01202551368623972,35.020381927490234,0.9527489185333252,34.941369247436526,0.0003205257933586836,0.012126403115689754,0.23004704551553107,0.5652359127998352
